country_id;country_name;country_capital;country_tld;country_currency;country_currency_name
ad;Andorra;Andorra la Vella;.ad;eur;Euro
ae;United Arab Emirates;Abu Dhabi;.ae;aed;Dirham
af;Afghanistan;Kabul;.af;afn;Afghani
ag;Antigua and Barbuda;St. John's;.ag;xcd;Dollar
ai;Anguilla;The Valley;.ai;xcd;Dollar
al;Albania;Tirana;.al;all;Lek
am;Armenia;Yerevan;.am;amd;Dram
an;Netherlands Antilles;Willemstad;.an;ang;Guilder
ao;Angola;Luanda;.ao;aoa;Kwanza
aq;Antarctica;;.aq;;
ar;Argentina;Buenos Aires;.ar;ars;Peso
as;American Samoa;Pago Pago;.as;usd;Dollar
at;Austria;Vienna;.at;eur;Euro
au;Australia;Canberra;.au;aud;Dollar
aw;Aruba;Oranjestad;.aw;awg;Guilder
ax;Aland Islands;Mariehamn;.ax;eur;Euro
az;Azerbaijan;Baku;.az;azn;Manat
ba;Bosnia and Herzegovina;Sarajevo;.ba;bam;Marka
bb;Barbados;Bridgetown;.bb;bbd;Dollar
bd;Bangladesh;Dhaka;.bd;bdt;Taka
be;Belgium;Brussels;.be;eur;Euro
bf;Burkina Faso;Ouagadougou;.bf;xof;Franc
bg;Bulgaria;Sofia;.bg;bgn;Lev
bh;Bahrain;Manama;.bh;bhd;Dinar
bi;Burundi;Gitega;.bi;bif;Franc
bj;Benin;Porto-Novo;.bj;xof;Franc
bl;Saint Barthelemy;Gustavia;.gp;eur;Euro
bm;Bermuda;Hamilton;.bm;bmd;Dollar
bn;Brunei;Bandar Seri Begawan;.bn;bnd;Dollar
bo;Bolivia;Sucre;.bo;bob;Boliviano
bq;Bonaire, Saint Eustatius and Saba ;;.bq;usd;Dollar
br;Brazil;Brasilia;.br;brl;Real
bs;Bahamas;Nassau;.bs;bsd;Dollar
bt;Bhutan;Thimphu;.bt;btn;Ngultrum
bv;Bouvet Island;;.bv;nok;Krone
bw;Botswana;Gaborone;.bw;bwp;Pula
by;Belarus;Minsk;.by;byn;Belarusian ruble
bz;Belize;Belmopan;.bz;bzd;Dollar
ca;Canada;Ottawa;.ca;cad;Dollar
cc;Cocos Islands;West Island;.cc;aud;Dollar
cd;Democratic Republic of the Congo;Kinshasa;.cd;cdf;Franc
cf;Central African Republic;Bangui;.cf;xaf;Franc
cg;Republic of the Congo;Brazzaville;.cg;xaf;Franc
ch;Switzerland;Bern;.ch;chf;Franc
ci;Ivory Coast;Yamoussoukro;.ci;xof;Franc
ck;Cook Islands;Avarua;.ck;nzd;Dollar
cl;Chile;Santiago;.cl;clp;Peso
cm;Cameroon;Yaounde;.cm;xaf;Franc
cn;China;Beijing;.cn;cny;Yuan Renminbi
co;Colombia;Bogota;.co;cop;Peso
cr;Costa Rica;San Jose;.cr;crc;Colon
cs;Serbia and Montenegro;Belgrade;.cs;rsd;Dinar
cu;Cuba;Havana;.cu;cup;Peso
cv;Cabo Verde;Praia;.cv;cve;Escudo
cw;Curacao; Willemstad;.cw;ang;Guilder
cx;Christmas Island;Flying Fish Cove;.cx;aud;Dollar
cy;Cyprus;Nicosia;.cy;eur;Euro
cz;Czechia;Prague;.cz;czk;Koruna
de;Germany;Berlin;.de;eur;Euro
dj;Djibouti;Djibouti;.dj;djf;Franc
dk;Denmark;Copenhagen;.dk;dkk;Krone
dm;Dominica;Roseau;.dm;xcd;Dollar
do;Dominican Republic;Santo Domingo;.do;dop;Peso
dz;Algeria;Algiers;.dz;dzd;Dinar
ec;Ecuador;Quito;.ec;usd;Dollar
ee;Estonia;Tallinn;.ee;eur;Euro
eg;Egypt;Cairo;.eg;egp;Pound
eh;Western Sahara;El-Aaiun;.eh;mad;Dirham
er;Eritrea;Asmara;.er;ern;Nakfa
es;Spain;Madrid;.es;eur;Euro
et;Ethiopia;Addis Ababa;.et;etb;Birr
fi;Finland;Helsinki;.fi;eur;Euro
fj;Fiji;Suva;.fj;fjd;Dollar
fk;Falkland Islands;Stanley;.fk;fkp;Pound
fm;Micronesia;Palikir;.fm;usd;Dollar
fo;Faroe Islands;Torshavn;.fo;dkk;Krone
fr;France;Paris;.fr;eur;Euro
ga;Gabon;Libreville;.ga;xaf;Franc
gb;United Kingdom;London;.uk;gbp;Pound
gd;Grenada;St. George's;.gd;xcd;Dollar
ge;Georgia;Tbilisi;.ge;gel;Lari
gf;French Guiana;Cayenne;.gf;eur;Euro
gg;Guernsey;St Peter Port;.gg;gbp;Pound
gh;Ghana;Accra;.gh;ghs;Cedi
gi;Gibraltar;Gibraltar;.gi;gip;Pound
gl;Greenland;Nuuk;.gl;dkk;Krone
gm;Gambia;Banjul;.gm;gmd;Dalasi
gn;Guinea;Conakry;.gn;gnf;Franc
gp;Guadeloupe;Basse-Terre;.gp;eur;Euro
gq;Equatorial Guinea;Malabo;.gq;xaf;Franc
gr;Greece;Athens;.gr;eur;Euro
gs;South Georgia and the South Sandwich Islands;Grytviken;.gs;gbp;Pound
gt;Guatemala;Guatemala City;.gt;gtq;Quetzal
gu;Guam;Hagatna;.gu;usd;Dollar
gw;Guinea-Bissau;Bissau;.gw;xof;Franc
gy;Guyana;Georgetown;.gy;gyd;Dollar
hk;Hong Kong;Hong Kong;.hk;hkd;Dollar
hm;Heard Island and McDonald Islands;;.hm;aud;Dollar
hn;Honduras;Tegucigalpa;.hn;hnl;Lempira
hr;Croatia;Zagreb;.hr;hrk;Kuna
ht;Haiti;Port-au-Prince;.ht;htg;Gourde
hu;Hungary;Budapest;.hu;huf;Forint
id;Indonesia;Jakarta;.id;idr;Rupiah
ie;Ireland;Dublin;.ie;eur;Euro
il;Israel;Jerusalem;.il;ils;Shekel
im;Isle of Man;Douglas;.im;gbp;Pound
in;India;New Delhi;.in;inr;Rupee
io;British Indian Ocean Territory;Diego Garcia;.io;usd;Dollar
iq;Iraq;Baghdad;.iq;iqd;Dinar
ir;Iran;Tehran;.ir;irr;Rial
is;Iceland;Reykjavik;.is;isk;Krona
it;Italy;Rome;.it;eur;Euro
je;Jersey;Saint Helier;.je;gbp;Pound
jm;Jamaica;Kingston;.jm;jmd;Dollar
jo;Jordan;Amman;.jo;jod;Dinar
jp;Japan;Tokyo;.jp;jpy;Yen
ke;Kenya;Nairobi;.ke;kes;Shilling
kg;Kyrgyzstan;Bishkek;.kg;kgs;Som
kh;Cambodia;Phnom Penh;.kh;khr;Riels
ki;Kiribati;Tarawa;.ki;aud;Dollar
km;Comoros;Moroni;.km;kmf;Franc
kn;Saint Kitts and Nevis;Basseterre;.kn;xcd;Dollar
kp;North Korea;Pyongyang;.kp;kpw;Won
kr;South Korea;Seoul;.kr;krw;Won
kw;Kuwait;Kuwait City;.kw;kwd;Dinar
ky;Cayman Islands;George Town;.ky;kyd;Dollar
kz;Kazakhstan;Nur-Sultan;.kz;kzt;Tenge
la;Laos;Vientiane;.la;lak;Kip
lb;Lebanon;Beirut;.lb;lbp;Pound
lc;Saint Lucia;Castries;.lc;xcd;Dollar
li;Liechtenstein;Vaduz;.li;chf;Franc
lk;Sri Lanka;Colombo;.lk;lkr;Rupee
lr;Liberia;Monrovia;.lr;lrd;Dollar
ls;Lesotho;Maseru;.ls;lsl;Loti
lt;Lithuania;Vilnius;.lt;eur;Euro
lu;Luxembourg;Luxembourg;.lu;eur;Euro
lv;Latvia;Riga;.lv;eur;Euro
ly;Libya;Tripoli;.ly;lyd;Dinar
ma;Morocco;Rabat;.ma;mad;Dirham
mc;Monaco;Monaco;.mc;eur;Euro
md;Moldova;Chisinau;.md;mdl;Leu
me;Montenegro;Podgorica;.me;eur;Euro
mf;Saint Martin;Marigot;.gp;eur;Euro
mg;Madagascar;Antananarivo;.mg;mga;Ariary
mh;Marshall Islands;Majuro;.mh;usd;Dollar
mk;North Macedonia;Skopje;.mk;mkd;Denar
ml;Mali;Bamako;.ml;xof;Franc
mm;Myanmar;Nay Pyi Taw;.mm;mmk;Kyat
mn;Mongolia;Ulaanbaatar;.mn;mnt;Tugrik
mo;Macao;Macao;.mo;mop;Pataca
mp;Northern Mariana Islands;Saipan;.mp;usd;Dollar
mq;Martinique;Fort-de-France;.mq;eur;Euro
mr;Mauritania;Nouakchott;.mr;mru;Ouguiya
ms;Montserrat;Plymouth;.ms;xcd;Dollar
mt;Malta;Valletta;.mt;eur;Euro
mu;Mauritius;Port Louis;.mu;mur;Rupee
mv;Maldives;Male;.mv;mvr;Rufiyaa
mw;Malawi;Lilongwe;.mw;mwk;Kwacha
mx;Mexico;Mexico City;.mx;mxn;Peso
my;Malaysia;Kuala Lumpur;.my;myr;Ringgit
mz;Mozambique;Maputo;.mz;mzn;Metical
na;Namibia;Windhoek;.na;nad;Dollar
nc;New Caledonia;Noumea;.nc;xpf;Franc
ne;Niger;Niamey;.ne;xof;Franc
nf;Norfolk Island;Kingston;.nf;aud;Dollar
ng;Nigeria;Abuja;.ng;ngn;Naira
ni;Nicaragua;Managua;.ni;nio;Cordoba
nl;Netherlands;Amsterdam;.nl;eur;Euro
no;Norway;Oslo;.no;nok;Krone
np;Nepal;Kathmandu;.np;npr;Rupee
nr;Nauru;Yaren;.nr;aud;Dollar
nu;Niue;Alofi;.nu;nzd;Dollar
nz;New Zealand;Wellington;.nz;nzd;Dollar
om;Oman;Muscat;.om;omr;Rial
pa;Panama;Panama City;.pa;pab;Balboa
pe;Peru;Lima;.pe;pen;Sol
pf;French Polynesia;Papeete;.pf;xpf;Franc
pg;Papua New Guinea;Port Moresby;.pg;pgk;Kina
ph;Philippines;Manila;.ph;php;Peso
pk;Pakistan;Islamabad;.pk;pkr;Rupee
pl;Poland;Warsaw;.pl;pln;Zloty
pm;Saint Pierre and Miquelon;Saint-Pierre;.pm;eur;Euro
pn;Pitcairn;Adamstown;.pn;nzd;Dollar
pr;Puerto Rico;San Juan;.pr;usd;Dollar
ps;Palestinian Territory;East Jerusalem;.ps;ils;Shekel
pt;Portugal;Lisbon;.pt;eur;Euro
pw;Palau;Melekeok;.pw;usd;Dollar
py;Paraguay;Asuncion;.py;pyg;Guarani
qa;Qatar;Doha;.qa;qar;Rial
re;Reunion;Saint-Denis;.re;eur;Euro
ro;Romania;Bucharest;.ro;ron;Leu
rs;Serbia;Belgrade;.rs;rsd;Dinar
ru;Russia;Moscow;.ru;rub;Ruble
rw;Rwanda;Kigali;.rw;rwf;Franc
sa;Saudi Arabia;Riyadh;.sa;sar;Rial
sb;Solomon Islands;Honiara;.sb;sbd;Dollar
sc;Seychelles;Victoria;.sc;scr;Rupee
sd;Sudan;Khartoum;.sd;sdg;Pound
se;Sweden;Stockholm;.se;sek;Krona
sg;Singapore;Singapore;.sg;sgd;Dollar
sh;Saint Helena;Jamestown;.sh;shp;Pound
si;Slovenia;Ljubljana;.si;eur;Euro
sj;Svalbard and Jan Mayen;Longyearbyen;.sj;nok;Krone
sk;Slovakia;Bratislava;.sk;eur;Euro
sl;Sierra Leone;Freetown;.sl;sll;Leone
sm;San Marino;San Marino;.sm;eur;Euro
sn;Senegal;Dakar;.sn;xof;Franc
so;Somalia;Mogadishu;.so;sos;Shilling
sr;Suriname;Paramaribo;.sr;srd;Dollar
ss;South Sudan;Juba;.ss;ssp;Pound
st;Sao Tome and Principe;Sao Tome;.st;stn;Dobra
sv;El Salvador;San Salvador;.sv;usd;Dollar
sx;Sint Maarten;Philipsburg;.sx;ang;Guilder
sy;Syria;Damascus;.sy;syp;Pound
sz;Eswatini;Mbabane;.sz;szl;Lilangeni
tc;Turks and Caicos Islands;Cockburn Town;.tc;usd;Dollar
td;Chad;N'Djamena;.td;xaf;Franc
tf;French Southern Territories;Port-aux-Francais;.tf;eur;Euro
tg;Togo;Lome;.tg;xof;Franc
th;Thailand;Bangkok;.th;thb;Baht
tj;Tajikistan;Dushanbe;.tj;tjs;Somoni
tk;Tokelau;;.tk;nzd;Dollar
tl;Timor Leste;Dili;.tl;usd;Dollar
tm;Turkmenistan;Ashgabat;.tm;tmt;Manat
tn;Tunisia;Tunis;.tn;tnd;Dinar
to;Tonga;Nuku'alofa;.to;top;Pa'anga
tr;Turkey;Ankara;.tr;try;Lira
tt;Trinidad and Tobago;Port of Spain;.tt;ttd;Dollar
tv;Tuvalu;Funafuti;.tv;aud;Dollar
tw;Taiwan;Taipei;.tw;twd;Dollar
tz;Tanzania;Dodoma;.tz;tzs;Shilling
ua;Ukraine;Kyiv;.ua;uah;Hryvnia
ug;Uganda;Kampala;.ug;ugx;Shilling
um;United States Minor Outlying Islands;;.um;usd;Dollar
us;United States;Washington;.us;usd;Dollar
uy;Uruguay;Montevideo;.uy;uyu;Peso
uz;Uzbekistan;Tashkent;.uz;uzs;Som
va;Vatican;Vatican City;.va;eur;Euro
vc;Saint Vincent and the Grenadines;Kingstown;.vc;xcd;Dollar
ve;Venezuela;Caracas;.ve;ves;Bolivar Soberano
vg;British Virgin Islands;Road Town;.vg;usd;Dollar
vi;U.S. Virgin Islands;Charlotte Amalie;.vi;usd;Dollar
vn;Vietnam;Hanoi;.vn;vnd;Dong
vu;Vanuatu;Port Vila;.vu;vuv;Vatu
wf;Wallis and Futuna;Mata Utu;.wf;xpf;Franc
ws;Samoa;Apia;.ws;wst;Tala
xk;Kosovo;Pristina;;eur;Euro
ye;Yemen;Sanaa;.ye;yer;Rial
yt;Mayotte;Mamoudzou;.yt;eur;Euro
za;South Africa;Pretoria;.za;zar;Rand
zm;Zambia;Lusaka;.zm;zmw;Kwacha
zw;Zimbabwe;Harare;.zw;zwl;Dollar
